{"stat.pickup.minecraft.bone":3,"stat.pickup.mopickaxes.red_wool_pickaxe":1,"stat.pickup.hbm.bomb_caller":1,"stat.leaveGame":5,"stat.useItem.minecraft.log2":1,"stat.mineBlock.minecraft.pumpkin":2,"stat.mineBlock.minecraft.cobblestone":16,"stat.useItem.mopickaxes.glass_pickaxe":2,"stat.useItem.mopickaxes.tnt_pickaxe":2,"stat.pickup.hbm.battery_advanced":1,"stat.useItem.minecraft.diamond_sword":10,"stat.pickup.mopickaxes.white_wool_pickaxe":1,"stat.pickup.hbm.dust":8,"stat.swimOneCm":1686,"stat.pickup.hbm.ingot_titanium":3,"stat.useItem.hbm.concrete_pink":4,"stat.climbOneCm":3567,"stat.useItem.mopickaxes.red_wool_pickaxe":1,"stat.pickup.minecraft.porkchop":31,"stat.useItem.minecraft.stone_slab2":38,"stat.pickup.minecraft.rotten_flesh":11,"stat.pickup.minecraft.sand":7,"stat.craftItem.minecraft.furnace":3,"stat.useItem.minecraft.golden_sword":2,"stat.useItem.mopickaxes.white_wool_pickaxe":1,"stat.craftItem.minecraft.stone_pickaxe":1,"stat.craftItem.minecraft.cooked_beef":19,"stat.pickup.minecraft.cobblestone":61,"stat.flyOneCm":1262272,"stat.killEntity.Witch":1,"stat.pickup.hbm.primer_50":9,"stat.craftItem.minecraft.wooden_slab":6,"stat.useItem.minecraft.cooked_beef":3,"stat.mineBlock.minecraft.iron_ore":15,"stat.timeSinceDeath":62147,"stat.useItem.minecraft.iron_pickaxe":2,"stat.craftItem.minecraft.wooden_pickaxe":2,"stat.pickup.minecraft.mutton":4,"stat.craftItem.minecraft.bed":1,"stat.pickup.hbm.hazmat_helmet":2,"stat.furnaceInteraction":20,"stat.useItem.minecraft.cooked_porkchop":2,"stat.mineBlock.minecraft.coal_ore":17,"stat.talkedToVillager":1,"stat.pickup.minecraft.string":3,"stat.pickup.minecraft.beef":19,"stat.pickup.hbm.hazmat_boots":2,"stat.useItem.minecraft.milk_bucket":2,"stat.craftItem.minecraft.stone_slab2":0,"stat.sprintOneCm":150050,"stat.craftItem.minecraft.stick":20,"stat.craftItem.minecraft.wooden_axe":2,"stat.useItem.minecraft.flint_and_steel":8,"stat.mineBlock.minecraft.crafting_table":2,"stat.useItem.minecraft.diamond_pickaxe":16,"stat.useItem.minecraft.dye":53,"stat.deaths":3,"stat.drop":3,"stat.pickup.minecraft.egg":4,"stat.playOneMinute":124261,"stat.useItem.minecraft.wooden_sword":49,"stat.pickup.hbm.hazmat_plate":2,"stat.killEntity.Sheep":3,"stat.craftItem.minecraft.iron_pickaxe":1,"stat.pickup.hbm.red_wire_coated":12,"stat.drop.hbm.detonator":1,"stat.killEntity.Zombie":7,"stat.useItem.hbm.crowbar":6,"stat.useItem.mopickaxes.lapis_lazuli_pickaxe":1,"stat.mineBlock.minecraft.tallgrass":18,"stat.diveOneCm":16905,"stat.chestOpened":33,"stat.useItem.minecraft.splash_potion":84,"stat.pickup.minecraft.pumpkin":2,"stat.pickup.minecraft.arrow":4,"stat.useItem.hbm.detonator":2,"stat.useItem.minecraft.apple":1,"stat.jump":857,"stat.pickup.minecraft.coal":15,"stat.fallOneCm":20477,"stat.pickup.minecraft.carrot":1,"stat.crouchOneCm":15474,"stat.pickup.minecraft.spider_eye":1,"stat.pickup.hbm.yellow_barrel":64,"stat.craftItem.minecraft.torch":8,"stat.craftItem.minecraft.iron_ingot":10,"stat.pickup.minecraft.dirt":78,"stat.craftingTableInteraction":11,"stat.pickup.minecraft.iron_ore":15,"stat.useItem.minecraft.sapling":12,"stat.mineBlock.minecraft.leaves2":3,"stat.mineBlock.minecraft.log2":46,"stat.damageTaken":1439,"stat.pickup.minecraft.leather":5,"stat.pickup.hbm.hazmat_legs":2,"stat.mineBlock.minecraft.torch":1,"stat.useItem.minecraft.wooden_pickaxe":27,"stat.craftItem.minecraft.wooden_sword":1,"stat.pickup.hbm.cap_nuka":4,"stat.pickup.minecraft.log2":46,"stat.pickup.minecraft.reeds":3,"stat.useItem.hbm.bismuth_tool":31,"stat.pickup.minecraft.bed":1,"stat.pickup.minecraft.wheat_seeds":10,"stat.entityKilledBy.Zombie":1,"stat.useItem.minecraft.stone_pickaxe":57,"stat.damageDealt":4761,"stat.sleepInBed":3,"stat.killEntity.Cow":9,"stat.mineBlock.minecraft.dirt":46,"stat.killEntity.Pig":14,"stat.craftItem.minecraft.iron_sword":1,"stat.walkOneCm":172420,"stat.useItem.minecraft.torch":8,"stat.useItem.minecraft.chest":2,"stat.pickup.minecraft.stick":2,"stat.pickup.hbm.bottle_cherry":1,"stat.pickup.minecraft.crafting_table":2,"stat.craftItem.minecraft.crafting_table":3,"stat.mineBlock.minecraft.double_plant":2,"stat.pickup.hbm.pole_satellite_receiver":1,"stat.drop.minecraft.iron_door":1,"stat.pickup.minecraft.stone":2,"stat.pickup.minecraft.sapling":4,"stat.pickup.minecraft.apple":1,"stat.useItem.hbm.waste_dirt":1,"stat.killEntity.Skeleton":3,"stat.pickup.hbm.bottle_nuka":2,"stat.pickup.hbm.book_guide_book":25,"stat.craftItem.minecraft.planks":60,"stat.useItem.minecraft.iron_sword":13,"stat.pickup.hbm.crowbar":1,"stat.pickup.hbm.waste_dirt":3,"stat.pickup.hbm.ingot_steel":40,"stat.killEntity.Spider":1,"stat.mobKills":45,"stat.useItem.minecraft.boat":1,"stat.drop.hbm.bomb_caller":1,"stat.pickup.minecraft.iron_door":1,"stat.pickup.minecraft.torch":4,"stat.sneakTime":7799,"stat.pickup.minecraft.wool":4,"stat.pickup.hbm.twinkie":1,"stat.useItem.minecraft.wooden_axe":72,"stat.mineBlock.minecraft.stone":41,"stat.mineBlock.hbm.waste_dirt":4}