{"stat.drop.minecraft.stone_pickaxe":1,"stat.pickup.minecraft.bone":3,"stat.pickup.mopickaxes.red_wool_pickaxe":1,"stat.pickup.hbm.bomb_caller":1,"stat.pickup.minecraft.stone_pressure_plate":1,"stat.horseOneCm":264149,"stat.leaveGame":5,"stat.pickup.hbm.steel_plate":1,"stat.useItem.minecraft.log2":1,"stat.mineBlock.minecraft.pumpkin":2,"stat.mineBlock.minecraft.cobblestone":16,"stat.useItem.mopickaxes.glass_pickaxe":2,"stat.useItem.mopickaxes.tnt_pickaxe":2,"stat.pickup.hbm.battery_advanced":1,"stat.useItem.minecraft.diamond_sword":10,"stat.mineBlock.minecraft.sandstone":13,"stat.pickup.mopickaxes.white_wool_pickaxe":1,"stat.pickup.hbm.dust":8,"stat.swimOneCm":4902,"stat.pickup.hbm.ingot_titanium":3,"stat.useItem.hbm.concrete_pink":4,"stat.climbOneCm":5867,"stat.useItem.mopickaxes.red_wool_pickaxe":1,"stat.pickup.minecraft.porkchop":37,"stat.useItem.minecraft.dirt":1,"stat.useItem.minecraft.stone_slab2":47,"stat.pickup.minecraft.rotten_flesh":18,"stat.pickup.minecraft.sand":7,"stat.craftItem.minecraft.furnace":3,"stat.useItem.minecraft.golden_sword":2,"stat.useItem.minecraft.egg":4,"stat.useItem.mopickaxes.white_wool_pickaxe":1,"stat.craftItem.minecraft.stone_pickaxe":2,"stat.craftItem.minecraft.cooked_beef":19,"stat.pickup.minecraft.cobblestone":76,"stat.craftItem.minecraft.stone_sword":1,"stat.flyOneCm":1362426,"stat.pickup.minecraft.sandstone":12,"stat.mineBlock.minecraft.sand":1,"stat.pickup.hbm.battery_spark_cell_power":1,"stat.killEntity.Witch":1,"stat.pickup.hbm.primer_50":9,"stat.craftItem.minecraft.wooden_slab":6,"stat.useItem.minecraft.cooked_beef":3,"stat.mineBlock.minecraft.iron_ore":36,"stat.timeSinceDeath":87347,"stat.useItem.minecraft.iron_pickaxe":97,"stat.pickup.minecraft.stained_hardened_clay":4,"stat.craftItem.minecraft.wooden_pickaxe":2,"stat.drop.minecraft.spider_eye":1,"stat.pickup.minecraft.mutton":9,"stat.craftItem.minecraft.bed":1,"stat.pickup.hbm.hazmat_helmet":2,"stat.furnaceInteraction":34,"stat.useItem.minecraft.cooked_porkchop":7,"stat.mineBlock.minecraft.coal_ore":65,"stat.talkedToVillager":1,"stat.pickup.minecraft.string":4,"stat.pickup.minecraft.beef":27,"stat.pickup.hbm.hazmat_boots":2,"stat.pickup.minecraft.furnace":3,"stat.useItem.minecraft.milk_bucket":2,"stat.craftItem.minecraft.stone_slab2":0,"stat.mineBlock.minecraft.stained_hardened_clay":4,"stat.sprintOneCm":206555,"stat.craftItem.minecraft.stick":28,"stat.craftItem.minecraft.wooden_axe":2,"stat.pickup.ic2.resource":32,"stat.useItem.minecraft.flint_and_steel":8,"stat.pickup.hbm.crystal_iron":4,"stat.mineBlock.minecraft.crafting_table":4,"stat.useItem.minecraft.diamond_pickaxe":16,"stat.useItem.minecraft.dye":53,"stat.deaths":3,"stat.drop":5,"stat.pickup.minecraft.egg":4,"stat.playOneMinute":149461,"stat.useItem.minecraft.wooden_sword":50,"stat.pickup.hbm.hazmat_plate":2,"stat.mineBlock.minecraft.stone_pressure_plate":1,"stat.killEntity.Sheep":6,"stat.craftItem.minecraft.iron_pickaxe":2,"stat.pickup.hbm.lignite":19,"stat.pickup.hbm.red_wire_coated":12,"stat.drop.hbm.detonator":1,"stat.killEntity.Zombie":14,"stat.useItem.hbm.crowbar":6,"stat.useItem.mopickaxes.lapis_lazuli_pickaxe":1,"stat.mineBlock.minecraft.tallgrass":32,"stat.diveOneCm":22676,"stat.chestOpened":41,"stat.useItem.minecraft.splash_potion":84,"stat.pickup.minecraft.pumpkin":2,"stat.pickup.minecraft.arrow":4,"stat.craftItem.minecraft.cooked_porkchop":17,"stat.useItem.hbm.detonator":2,"stat.useItem.minecraft.apple":1,"stat.mineBlock.minecraft.deadbush":2,"stat.jump":1293,"stat.pickup.minecraft.coal":94,"stat.fallOneCm":34210,"stat.pickup.minecraft.iron_ingot":5,"stat.pickup.minecraft.carrot":1,"stat.crouchOneCm":20738,"stat.pickup.minecraft.spider_eye":2,"stat.pickup.hbm.yellow_barrel":64,"stat.craftItem.minecraft.torch":32,"stat.craftItem.minecraft.iron_ingot":25,"stat.pickup.minecraft.dirt":80,"stat.craftingTableInteraction":14,"stat.pickup.minecraft.iron_ore":37,"stat.useItem.minecraft.sapling":12,"stat.mineBlock.ic2.resource":16,"stat.mineBlock.hbm.ore_lignite":19,"stat.mineBlock.minecraft.leaves2":3,"stat.mineBlock.minecraft.log2":46,"stat.damageTaken":1778,"stat.pickup.minecraft.leather":9,"stat.pickup.hbm.hazmat_legs":2,"stat.mineBlock.minecraft.torch":4,"stat.mineBlock.minecraft.furnace":3,"stat.useItem.minecraft.wooden_pickaxe":27,"stat.craftItem.minecraft.wooden_sword":1,"stat.pickup.hbm.cap_nuka":4,"stat.pickup.minecraft.log2":46,"stat.pickup.minecraft.reeds":3,"stat.useItem.hbm.bismuth_tool":31,"stat.pickup.minecraft.bed":1,"stat.pickup.minecraft.wheat_seeds":11,"stat.entityKilledBy.Zombie":1,"stat.useItem.minecraft.stone_pickaxe":121,"stat.useItem.minecraft.stone_sword":67,"stat.damageDealt":7620,"stat.sleepInBed":3,"stat.useItem.ic2.resource":2,"stat.killEntity.Cow":14,"stat.mineBlock.minecraft.dirt":48,"stat.killEntity.Pig":17,"stat.craftItem.minecraft.iron_sword":2,"stat.walkOneCm":229787,"stat.useItem.minecraft.torch":27,"stat.useItem.minecraft.chest":2,"stat.pickup.minecraft.stick":3,"stat.pickup.hbm.bottle_cherry":1,"stat.pickup.minecraft.crafting_table":4,"stat.useItem.minecraft.cobblestone":4,"stat.craftItem.minecraft.crafting_table":3,"stat.mineBlock.minecraft.double_plant":6,"stat.pickup.minecraft.log":1,"stat.pickup.hbm.pole_satellite_receiver":1,"stat.drop.minecraft.iron_door":1,"stat.pickup.minecraft.tnt":9,"stat.pickup.minecraft.stone":3,"stat.craftItem.minecraft.iron_chestplate":1,"stat.pickup.hbm.ore_copper":2,"stat.pickup.minecraft.sapling":4,"stat.pickup.minecraft.apple":1,"stat.useItem.hbm.waste_dirt":1,"stat.killEntity.Skeleton":3,"stat.pickup.minecraft.beetroot":14,"stat.mineBlock.minecraft.tnt":9,"stat.pickup.hbm.bottle_nuka":2,"stat.pickup.hbm.book_guide_book":25,"stat.craftItem.minecraft.planks":64,"stat.useItem.minecraft.iron_sword":34,"stat.pickup.hbm.crowbar":1,"stat.pickup.hbm.waste_dirt":3,"stat.pickup.hbm.ingot_steel":40,"stat.killEntity.Spider":3,"stat.mobKills":67,"stat.mineBlock.minecraft.log":1,"stat.useItem.minecraft.boat":1,"stat.drop.hbm.bomb_caller":1,"stat.pickup.minecraft.iron_door":1,"stat.pickup.minecraft.beetroot_seeds":28,"stat.pickup.minecraft.torch":8,"stat.useItem.minecraft.beetroot_seeds":27,"stat.mineBlock.hbm.ore_copper":2,"stat.sneakTime":10110,"stat.pickup.minecraft.wool":7,"stat.pickup.hbm.twinkie":1,"stat.useItem.minecraft.wooden_axe":73,"stat.mineBlock.minecraft.stone":61,"stat.mineBlock.hbm.waste_dirt":4,"stat.useItem.minecraft.beetroot":10,"stat.useItem.minecraft.sandstone":7}