{"stat.pickup.minecraft.bone":1,"stat.leaveGame":5,"stat.pickup.hbm.battery_advanced":1,"stat.mineBlock.hbm.deco_titanium":4,"stat.pickup.hbm.circuit_targeting_tier1":2,"stat.pickup.hbm.stealth_boy":1,"stat.pickup.hbm.dust":3,"stat.swimOneCm":8062,"stat.pickup.hbm.ingot_titanium":8,"stat.pickup.hbm.casing_9":10,"stat.mineBlock.minecraft.web":27,"stat.useItem.minecraft.dirt":1,"stat.useItem.minecraft.stone_slab2":16,"stat.pickup.minecraft.bow":5,"stat.pickup.minecraft.rotten_flesh":4,"stat.craftItem.minecraft.furnace":1,"stat.pickup.hbm.circuit_copper":1,"stat.pickup.minecraft.bucket":1,"stat.craftItem.minecraft.cooked_beef":7,"stat.pickup.minecraft.cobblestone":26,"stat.pickup.hbm.gun_revolver_ammo":5,"stat.flyOneCm":191291,"stat.pickup.hbm.battery_spark_cell_power":2,"stat.pickup.hbm.primer_50":4,"stat.useItem.minecraft.cooked_beef":7,"stat.timeSinceDeath":4020,"stat.useItem.minecraft.iron_pickaxe":57,"stat.craftItem.minecraft.wooden_pickaxe":1,"stat.pickup.minecraft.mutton":15,"stat.craftItem.minecraft.bed":1,"stat.pickup.minecraft.wooden_axe":2,"stat.furnaceInteraction":7,"stat.craftItem.hbm.circuit_aluminium":2,"stat.mineBlock.minecraft.coal_ore":15,"stat.pickup.hbm.ingot_red_copper":1,"stat.killEntity.Creeper":1,"stat.pickup.minecraft.wooden_sword":1,"stat.pickup.minecraft.string":52,"stat.pickup.minecraft.beef":89,"stat.pickup.minecraft.furnace":1,"stat.useItem.minecraft.milk_bucket":3,"stat.craftItem.minecraft.stone_slab2":0,"stat.pickup.hbm.steel_poles":5,"stat.sprintOneCm":147335,"stat.craftItem.minecraft.stick":16,"stat.craftItem.minecraft.wooden_axe":1,"stat.pickup.hbm.ingot_tungsten":8,"stat.useItem.hbm.tape_recorder":3,"stat.mineBlock.minecraft.crafting_table":2,"stat.entityKilledBy.Creeper":1,"stat.useItem.hbm.steel_poles":4,"stat.pickup.hbm.tape_recorder":5,"stat.pickup.hbm.cordite":6,"stat.deaths":3,"stat.pickup.minecraft.egg":2,"stat.playOneMinute":63689,"stat.useItem.minecraft.wooden_sword":62,"stat.killEntity.Sheep":4,"stat.craftItem.minecraft.iron_pickaxe":1,"stat.killEntity.Zombie":4,"stat.mineBlock.minecraft.tallgrass":5,"stat.diveOneCm":10696,"stat.pickup.hbm.circuit_aluminium":2,"stat.chestOpened":28,"stat.pickup.minecraft.iron_sword":2,"stat.pickup.minecraft.arrow":4,"stat.jump":875,"stat.pickup.minecraft.coal":33,"stat.fallOneCm":24808,"stat.pickup.minecraft.iron_ingot":19,"stat.crouchOneCm":393,"stat.pickup.minecraft.spider_eye":1,"stat.craftItem.minecraft.torch":16,"stat.pickup.minecraft.dirt":4,"stat.craftingTableInteraction":14,"stat.boatOneCm":123672,"stat.pickup.hbm.detonator":2,"stat.pickup.minecraft.wooden_pickaxe":2,"stat.pickup.minecraft.leather":42,"stat.damageTaken":11111,"stat.mineBlock.minecraft.furnace":1,"stat.useItem.minecraft.wooden_pickaxe":23,"stat.craftItem.minecraft.wooden_sword":1,"stat.mineBlock.hbm.deco_tungsten":4,"stat.pickup.minecraft.planks":2,"stat.pickup.minecraft.bed":1,"stat.damageDealt":3450,"stat.sleepInBed":4,"stat.killEntity.Cow":15,"stat.mineBlock.minecraft.dirt":8,"stat.craftItem.minecraft.iron_sword":1,"stat.walkOneCm":188194,"stat.pickup.hbm.ingot_beryllium":1,"stat.useItem.minecraft.bread":2,"stat.useItem.minecraft.torch":15,"stat.pickup.minecraft.stick":7,"stat.pickup.minecraft.crafting_table":2,"stat.craftItem.minecraft.crafting_table":2,"stat.mineBlock.minecraft.double_plant":1,"stat.pickup.hbm.canister_fuel":2,"stat.pickup.minecraft.log":16,"stat.pickup.hbm.pole_satellite_receiver":2,"stat.pickup.minecraft.iron_pickaxe":1,"stat.pickup.minecraft.cooked_beef":4,"stat.mineBlock.hbm.pole_satellite_receiver":1,"stat.killEntity.Skeleton":3,"stat.craftItem.minecraft.bucket":1,"stat.pickup.hbm.book_guide_book":1,"stat.craftItem.minecraft.planks":28,"stat.useItem.minecraft.iron_sword":44,"stat.mineBlock.hbm.tape_recorder":5,"stat.pickup.hbm.ingot_steel":77,"stat.killEntity.Spider":1,"stat.pickup.minecraft.bread":28,"stat.mobKills":28,"stat.mineBlock.hbm.deco_steel":36,"stat.mineBlock.minecraft.log":11,"stat.sneakTime":114,"stat.pickup.minecraft.wool":6,"stat.useItem.minecraft.wooden_axe":8,"stat.mineBlock.minecraft.stone":14}