{"stat.walkOneCm":84024,"stat.boatOneCm":72650,"stat.craftItem.minecraft.acacia_boat":1,"stat.craftItem.minecraft.planks":16,"stat.useItem.minecraft.acacia_boat":2,"stat.mineBlock.minecraft.leaves2":1,"stat.mineBlock.minecraft.log2":14,"stat.pickup.minecraft.crafting_table":1,"stat.damageTaken":10110,"stat.mineBlock.minecraft.crafting_table":1,"stat.craftItem.minecraft.crafting_table":1,"stat.pickup.minecraft.log2":14,"stat.flyOneCm":42723,"stat.deaths":1,"stat.pickup.minecraft.wheat_seeds":1,"stat.jump":356,"stat.swimOneCm":2361,"stat.playOneMinute":19927,"stat.fallOneCm":9300,"stat.sneakTime":28,"stat.damageDealt":9,"stat.pickup.minecraft.acacia_boat":1,"stat.crouchOneCm":211,"stat.timeSinceDeath":13796,"stat.pickup.minecraft.dirt":10,"stat.sprintOneCm":53520,"stat.mineBlock.minecraft.dirt":10,"stat.useItem.minecraft.stone_slab2":1,"stat.mineBlock.minecraft.tallgrass":3,"stat.diveOneCm":3823,"stat.craftingTableInteraction":1}