{"stat.walkOneCm":126355,"stat.craftItem.minecraft.acacia_boat":1,"stat.pickup.minecraft.crafting_table":2,"stat.pickup.hbm.fragment_meteorite":2,"stat.craftItem.minecraft.crafting_table":1,"stat.mineBlock.hbm.block_meteor_molten":1,"stat.pickup.minecraft.log":4,"stat.swimOneCm":5081,"stat.jump":476,"stat.pickup.minecraft.coal":7,"stat.fallOneCm":10328,"stat.pickup.minecraft.carrot":18,"stat.crouchOneCm":223,"stat.pickup.minecraft.dirt":15,"stat.useItem.minecraft.dirt":3,"stat.sprintOneCm":56500,"stat.useItem.minecraft.stone_slab2":3,"stat.craftItem.minecraft.stick":12,"stat.craftingTableInteraction":3,"stat.pickup.minecraft.rotten_flesh":4,"stat.craftItem.hbm.steel_sword":1,"stat.pickup.hbm.steel_pickaxe":1,"stat.pickup.hbm.steel_axe":1,"stat.boatOneCm":184510,"stat.pickup.hbm.steel_sword":1,"stat.craftItem.minecraft.planks":16,"stat.useItem.minecraft.acacia_boat":6,"stat.mineBlock.minecraft.leaves2":1,"stat.mineBlock.minecraft.log2":14,"stat.pickup.hbm.ingot_steel":32,"stat.damageTaken":10480,"stat.mineBlock.minecraft.crafting_table":2,"stat.pickup.minecraft.bread":2,"stat.useItem.minecraft.carrot":7,"stat.pickup.minecraft.log2":14,"stat.mineBlock.minecraft.log":4,"stat.mineBlock.hbm.block_meteor_cobble":1,"stat.pickup.minecraft.planks":15,"stat.useItem.hbm.steel_pickaxe":2,"stat.flyOneCm":46995,"stat.deaths":2,"stat.pickup.minecraft.wheat_seeds":1,"stat.craftItem.hbm.steel_axe":1,"stat.useItem.hbm.steel_axe":2,"stat.playOneMinute":32527,"stat.sneakTime":83,"stat.damageDealt":27,"stat.pickup.minecraft.acacia_boat":5,"stat.sleepInBed":1,"stat.timeSinceDeath":2453,"stat.mineBlock.minecraft.dirt":10,"stat.craftItem.hbm.steel_pickaxe":1,"stat.mineBlock.minecraft.tallgrass":3,"stat.diveOneCm":3823,"stat.pickup.minecraft.mutton":5}