{"stat.walkOneCm":180040,"stat.pickup.minecraft.bone":2,"stat.useItem.minecraft.bread":1,"stat.craftItem.minecraft.acacia_boat":1,"stat.pickup.minecraft.arrow":1,"stat.pickup.minecraft.crafting_table":2,"stat.pickup.hbm.fragment_meteorite":2,"stat.useItem.hbm.steel_sword":10,"stat.craftItem.minecraft.crafting_table":1,"stat.mineBlock.minecraft.coal_ore":100,"stat.mineBlock.hbm.block_meteor_molten":1,"stat.pickup.minecraft.log":54,"stat.swimOneCm":5081,"stat.jump":671,"stat.pickup.minecraft.coal":104,"stat.fallOneCm":13349,"stat.pickup.minecraft.carrot":18,"stat.pickup.minecraft.stone":2,"stat.crouchOneCm":223,"stat.pickup.minecraft.sapling":3,"stat.pickup.minecraft.dirt":33,"stat.useItem.minecraft.dirt":7,"stat.sprintOneCm":81318,"stat.useItem.minecraft.stone_slab2":3,"stat.craftItem.minecraft.stick":16,"stat.craftingTableInteraction":4,"stat.pickup.minecraft.iron_ore":15,"stat.pickup.minecraft.rotten_flesh":4,"stat.craftItem.hbm.steel_sword":1,"stat.pickup.hbm.steel_pickaxe":1,"stat.pickup.hbm.steel_axe":1,"stat.killEntity.Skeleton":1,"stat.boatOneCm":184510,"stat.useItem.hbm.steel_shovel":1,"stat.pickup.hbm.steel_sword":1,"stat.craftItem.minecraft.planks":20,"stat.useItem.minecraft.acacia_boat":6,"stat.mineBlock.minecraft.leaves2":1,"stat.mineBlock.minecraft.log2":14,"stat.pickup.hbm.ingot_steel":32,"stat.damageTaken":10721,"stat.mineBlock.minecraft.crafting_table":2,"stat.useItem.minecraft.iron_ore":1,"stat.pickup.minecraft.bread":2,"stat.useItem.minecraft.carrot":10,"stat.pickup.minecraft.cobblestone":3,"stat.mobKills":2,"stat.pickup.minecraft.log2":14,"stat.mineBlock.minecraft.log":52,"stat.mineBlock.hbm.block_meteor_cobble":1,"stat.pickup.minecraft.planks":15,"stat.useItem.hbm.steel_pickaxe":125,"stat.flyOneCm":67863,"stat.deaths":2,"stat.pickup.minecraft.wheat_seeds":1,"stat.craftItem.hbm.steel_axe":1,"stat.pickup.minecraft.egg":1,"stat.useItem.hbm.steel_axe":50,"stat.playOneMinute":46027,"stat.sneakTime":83,"stat.craftItem.hbm.steel_shovel":1,"stat.damageDealt":383,"stat.pickup.minecraft.acacia_boat":5,"stat.mineBlock.minecraft.iron_ore":15,"stat.sleepInBed":1,"stat.timeSinceDeath":15953,"stat.mineBlock.minecraft.dirt":16,"stat.craftItem.hbm.steel_pickaxe":1,"stat.mineBlock.minecraft.stone":6,"stat.mineBlock.minecraft.tallgrass":3,"stat.diveOneCm":3823,"stat.pickup.minecraft.mutton":5}