{"stat.pickup.hbm.bomb_caller":4,"stat.leaveGame":4,"stat.mineBlock.ic2.rubber_wood":1,"stat.mineBlock.minecraft.sandstone":1,"stat.pickup.hbm.factory_titanium_furnace":9,"stat.pickup.hbm.dust":29,"stat.useItem.minecraft.mutton":1,"stat.mineBlock.hbm.crate_iron":14,"stat.useItem.minecraft.planks":39,"stat.drop.minecraft.iron_sword":1,"stat.pickup.minecraft.rotten_flesh":20,"stat.drop.minecraft.poisonous_potato":2,"stat.mineBlock.hbm.machine_battery":7,"stat.pickup.minecraft.sand":191,"stat.pickup.minecraft.brick_block":44,"stat.pickup.hbm.circuit_copper":5,"stat.craftItem.minecraft.stone_axe":1,"stat.pickup.minecraft.bucket":4,"stat.killEntity.Enderman":1,"stat.craftItem.minecraft.stone_sword":1,"stat.mineBlock.minecraft.sand":105,"stat.pickup.hbm.battery_spark_cell_power":4,"stat.drop.minecraft.sand":8,"stat.useItem.minecraft.iron_pickaxe":264,"stat.craftItem.minecraft.wooden_pickaxe":1,"stat.pickup.hbm.steel_wall":1,"stat.mineBlock.minecraft.brick_block":20,"stat.pickup.hbm.bottle_opener":7,"stat.craftItem.minecraft.bed":1,"stat.mineBlock.minecraft.hopper":6,"stat.furnaceInteraction":20,"stat.killEntity.ZombieVillager":1,"stat.pickup.hbm.crate_iron":19,"stat.pickup.minecraft.beef":100,"stat.pickup.minecraft.furnace":5,"stat.craftItem.travelersbackpack.travelers_backpack":1,"stat.pickup.hbm.steel_poles":20,"stat.drop.hbm.steel_pickaxe":1,"stat.pickup.minecraft.iron_chestplate":2,"stat.useItem.hbm.steel_shovel":125,"stat.killEntity.Husk":1,"stat.pickup.hbm.fusion_hatch":1,"stat.deaths":11,"stat.pickup.minecraft.egg":7,"stat.playOneMinute":148610,"stat.craftItem.minecraft.iron_pickaxe":1,"stat.useItem.hbm.crate_iron":7,"stat.pickup.hbm.red_wire_coated":64,"stat.pickup.minecraft.iron_bars":1,"stat.drop.minecraft.torch":8,"stat.mineBlock.minecraft.tallgrass":99,"stat.chestOpened":87,"stat.pickup.hbm.gas_mask_filter":4,"stat.mineBlock.hbm.dirt_oily":1,"stat.pickup.hbm.pole_top":3,"stat.useItem.minecraft.stone":2,"stat.pickup.minecraft.arrow":6,"stat.pickup.minecraft.iron_sword":8,"stat.mineBlock.hbm.machine_difurnace_off":6,"stat.mineBlock.hbm.factory_titanium_furnace":9,"stat.drop.minecraft.iron_pickaxe":1,"stat.fallOneCm":95838,"stat.pickup.minecraft.carrot":39,"stat.crouchOneCm":27565,"stat.pickup.hbm.scrap":55,"stat.mineBlock.minecraft.chest":4,"stat.craftItem.minecraft.iron_ingot":34,"stat.pickup.hbm.yellow_barrel":67,"stat.craftItem.minecraft.chest":1,"stat.pickup.hbm.dirt_oily":1,"stat.craftingTableInteraction":23,"stat.mineBlock.hbm.fusion_hatch":1,"stat.mineBlock.hbm.cable_switch":1,"stat.pickup.minecraft.wooden_pickaxe":1,"stat.pickup.minecraft.feather":4,"stat.craftItem.minecraft.wooden_button":1,"stat.mineBlock.hbm.steel_scaffold":2,"stat.mineBlock.hbm.machine_electric_furnace_off":6,"stat.pickup.minecraft.planks":171,"stat.pickup.minecraft.iron_leggings":2,"stat.pickup.minecraft.wheat_seeds":61,"stat.mineBlock.minecraft.gravel":1,"stat.useItem.minecraft.stone_pickaxe":56,"stat.useItem.minecraft.stone_sword":6,"stat.craftItem.minecraft.iron_leggings":1,"stat.mineBlock.minecraft.dirt":42,"stat.pickup.minecraft.poisonous_potato":2,"stat.mineBlock.hbm.reinforced_light":20,"stat.pickup.hbm.ingot_beryllium":3,"stat.useItem.minecraft.torch":3,"stat.useItem.minecraft.bread":8,"stat.pickup.hbm.machine_battery":21,"stat.pickup.hbm.bottle_cherry":5,"stat.drop.minecraft.rotten_flesh":5,"stat.pickup.minecraft.crafting_table":7,"stat.useItem.minecraft.log":1,"stat.useItem.minecraft.cobblestone":20,"stat.craftItem.minecraft.crafting_table":4,"stat.mineBlock.minecraft.double_plant":7,"stat.pickup.hbm.battery_generic":4,"stat.pickup.minecraft.log":46,"stat.pickup.hbm.pole_satellite_receiver":5,"stat.pickup.minecraft.iron_pickaxe":5,"stat.pickup.minecraft.hopper":6,"stat.pickup.minecraft.chicken":1,"stat.mineBlock.minecraft.iron_block":2,"stat.pickup.hbm.steel_pickaxe":2,"stat.craftItem.minecraft.bucket":1,"stat.craftItem.minecraft.planks":56,"stat.useItem.minecraft.iron_sword":201,"stat.pickup.hbm.ingot_steel":218,"stat.pickup.minecraft.stone_sword":1,"stat.mineBlock.hbm.brick_concrete_cracked":1,"stat.pickup.minecraft.book":42,"stat.mineBlock.minecraft.log":39,"stat.pickup.hbm.cable_switch":1,"stat.drop.hbm.bomb_caller":1,"stat.pickup.minecraft.iron_door":5,"stat.craftItem.hbm.steel_axe":1,"stat.useItem.hbm.steel_axe":26,"stat.pickup.minecraft.red_flower":2,"stat.sneakTime":10142,"stat.pickup.minecraft.wool":16,"stat.pickup.ic2.sapling":1,"stat.pickup.minecraft.chest":4,"stat.pickup.minecraft.bone":13,"stat.mineBlock.minecraft.cobblestone":4,"stat.pickup.hbm.battery_advanced":8,"stat.pickup.hbm.circuit_targeting_tier1":1,"stat.craftItem.minecraft.wool":2,"stat.swimOneCm":8694,"stat.pickup.hbm.ingot_titanium":6,"stat.pickup.hbm.casing_9":30,"stat.climbOneCm":1849,"stat.pickup.minecraft.enchanted_book":1,"stat.mineBlock.hbm.factory_titanium_core":3,"stat.drop.hbm.yellow_barrel":64,"stat.useItem.minecraft.dirt":26,"stat.useItem.minecraft.stone_slab2":55,"stat.pickup.minecraft.iron_boots":2,"stat.craftItem.minecraft.furnace":1,"stat.useItem.minecraft.egg":2,"stat.craftItem.minecraft.spruce_boat":1,"stat.craftItem.minecraft.iron_boots":1,"stat.pickup.minecraft.anvil":9,"stat.craftItem.minecraft.stone_pickaxe":1,"stat.craftItem.minecraft.cooked_beef":49,"stat.pickup.minecraft.cobblestone":107,"stat.mineBlock.hbm.factory_titanium_hull":59,"stat.pickup.hbm.gun_revolver":4,"stat.pickup.hbm.brick_concrete":1,"stat.pickup.hbm.gun_revolver_ammo":10,"stat.useItem.minecraft.brick_block":3,"stat.flyOneCm":552049,"stat.drop.minecraft.wheat_seeds":56,"stat.useItem.minecraft.cooked_beef":9,"stat.pickup.minecraft.redstone":1,"stat.mineBlock.minecraft.iron_ore":19,"stat.timeSinceDeath":12333,"stat.pickup.hbm.steel_shovel":2,"stat.pickup.minecraft.mutton":12,"stat.pickup.hbm.primer_9":20,"stat.pickup.minecraft.stonebrick":4,"stat.drop.minecraft.dirt":3,"stat.mineBlock.hbm.red_cable":2,"stat.mineBlock.hbm.brick_concrete":2,"stat.mineBlock.minecraft.coal_ore":128,"stat.pickup.hbm.ingot_red_copper":6,"stat.talkedToVillager":5,"stat.pickup.minecraft.string":11,"stat.useItem.minecraft.milk_bucket":1,"stat.craftItem.minecraft.stone_slab2":0,"stat.sprintOneCm":275704,"stat.craftItem.minecraft.stick":20,"stat.pickup.minecraft.grass":1,"stat.pickup.hbm.machine_electric_furnace_off":4,"stat.mineBlock.minecraft.crafting_table":5,"stat.useItem.minecraft.carrot":16,"stat.entityKilledBy.Creeper":1,"stat.pickup.hbm.cordite":26,"stat.mineBlock.minecraft.planks":41,"stat.drop":36,"stat.killEntity.Sheep":11,"stat.pickup.minecraft.iron_block":2,"stat.killEntity.Zombie":11,"stat.craftItem.minecraft.dye":2,"stat.diveOneCm":22422,"stat.pickup.minecraft.wheat":15,"stat.mineBlock.hbm.steel_wall":1,"stat.pickup.minecraft.sign":3,"stat.drop.minecraft.wooden_pickaxe":1,"stat.pickup.minecraft.gravel":1,"stat.mineBlock.minecraft.anvil":5,"stat.useItem.minecraft.chicken":1,"stat.pickup.minecraft.stone_axe":6,"stat.pickup.hbm.factory_titanium_core":3,"stat.craftItem.travelersbackpack.backpack_tank":2,"stat.mineBlock.hbm.deco_red_copper":1,"stat.jump":3019,"stat.useItem.minecraft.sand":12,"stat.pickup.minecraft.coal":259,"stat.pickup.minecraft.iron_helmet":2,"stat.pickup.minecraft.iron_ingot":41,"stat.useItem.minecraft.stone_axe":81,"stat.craftItem.minecraft.bread":5,"stat.craftItem.minecraft.torch":4,"stat.useItem.hbm.steel_scaffold":1,"stat.pickup.minecraft.dirt":52,"stat.pickup.minecraft.iron_ore":18,"stat.pickup.hbm.wire_red_copper":4,"stat.boatOneCm":28155,"stat.mineBlock.minecraft.iron_bars":1,"stat.pickup.hbm.steel_sword":1,"stat.pickup.hbm.reinforced_light":20,"stat.mineBlock.minecraft.glass_pane":2,"stat.mineBlock.hbm.red_wire_coated":14,"stat.damageTaken":33151,"stat.pickup.minecraft.leather":137,"stat.pickup.hbm.red_cable":2,"stat.mineBlock.minecraft.furnace":3,"stat.mineBlock.minecraft.torch":2,"stat.mineBlock.minecraft.red_flower":2,"stat.useItem.minecraft.wooden_pickaxe":13,"stat.pickup.hbm.cap_nuka":48,"stat.pickup.minecraft.log2":10,"stat.pickup.ic2.rubber_wood":1,"stat.pickup.minecraft.reeds":35,"stat.pickup.minecraft.bed":5,"stat.pickup.minecraft.potato":37,"stat.entityKilledBy.Zombie":3,"stat.damageDealt":8158,"stat.craftItem.minecraft.glass":26,"stat.pickup.hbm.gun_kit_1":4,"stat.sleepInBed":7,"stat.pickup.hbm.factory_titanium_hull":59,"stat.killEntity.Cow":27,"stat.useItem.minecraft.crafting_table":3,"stat.craftItem.minecraft.iron_sword":1,"stat.walkOneCm":269962,"stat.useItem.minecraft.chest":3,"stat.pickup.minecraft.stick":29,"stat.pickup.hbm.fragment_meteorite":24,"stat.useItem.minecraft.spruce_boat":2,"stat.mineBlock.hbm.deco_lead":6,"stat.pickup.minecraft.stone":5,"stat.pickup.hbm.ingot_euphemium":1,"stat.craftItem.minecraft.iron_chestplate":1,"stat.mineBlock.minecraft.wool":2,"stat.pickup.minecraft.ender_pearl":4,"stat.pickup.minecraft.cooked_beef":153,"stat.killEntity.Skeleton":3,"stat.craftItem.travelersbackpack.sleeping_bag_bottom":1,"stat.pickup.hbm.bottle_nuka":10,"stat.pickup.hbm.book_guide_book":4,"stat.mineBlock.minecraft.stonebrick":4,"stat.killEntity.Chicken":2,"stat.mobKills":57,"stat.mineBlock.hbm.deco_steel":41,"stat.mineBlock.minecraft.bookshelf":14,"stat.mineBlock.hbm.block_meteor_cobble":24,"stat.useItem.hbm.steel_pickaxe":190,"stat.mineBlock.minecraft.leaves":7,"stat.pickup.minecraft.torch":13,"stat.pickup.hbm.steel_scaffold":29,"stat.craftItem.hbm.steel_shovel":1,"stat.pickup.hbm.ingot_lead":6,"stat.pickup.minecraft.spruce_boat":6,"stat.pickup.hbm.machine_difurnace_off":6,"stat.craftItem.hbm.steel_pickaxe":1,"stat.mineBlock.minecraft.stone":83}