{"stat.pickup.hbm.bomb_caller":4,"stat.leaveGame":5,"stat.pickup.hbm.steel_plate":1,"stat.mineBlock.ic2.rubber_wood":6,"stat.mineBlock.minecraft.sandstone":1,"stat.pickup.hbm.factory_titanium_furnace":9,"stat.pickup.hbm.dust":29,"stat.useItem.minecraft.mutton":1,"stat.mineBlock.hbm.crate_iron":14,"stat.useItem.minecraft.planks":39,"stat.drop.minecraft.feather":3,"stat.pickup.hbm.ore_aluminium":8,"stat.pickup.minecraft.porkchop":17,"stat.drop.minecraft.iron_sword":1,"stat.pickup.minecraft.rotten_flesh":35,"stat.drop.minecraft.poisonous_potato":2,"stat.craftItem.hbm.steel_sword":1,"stat.mineBlock.hbm.machine_battery":7,"stat.pickup.minecraft.sand":191,"stat.pickup.hbm.crystal_titanium":5,"stat.pickup.minecraft.brick_block":44,"stat.pickup.hbm.circuit_copper":5,"stat.craftItem.minecraft.stone_axe":1,"stat.pickup.hbm.schrabidium_shovel":1,"stat.pickup.minecraft.bucket":4,"stat.pickup.hbm.rare_earth_chunk":4,"stat.killEntity.Enderman":1,"stat.craftItem.minecraft.stone_sword":1,"stat.mineBlock.minecraft.sand":105,"stat.mineBlock.hbm.ore_uranium":7,"stat.pickup.hbm.battery_spark_cell_power":5,"stat.drop.minecraft.sand":8,"stat.useItem.minecraft.iron_pickaxe":383,"stat.craftItem.minecraft.wooden_pickaxe":1,"stat.pickup.hbm.steel_wall":1,"stat.mineBlock.minecraft.brick_block":20,"stat.pickup.hbm.bottle_opener":7,"stat.craftItem.minecraft.bed":1,"stat.mineBlock.minecraft.hopper":6,"stat.furnaceInteraction":26,"stat.killEntity.ZombieVillager":2,"stat.pickup.hbm.crate_iron":19,"stat.pickup.minecraft.beef":153,"stat.pickup.minecraft.furnace":6,"stat.craftItem.travelersbackpack.travelers_backpack":1,"stat.pickup.hbm.steel_poles":20,"stat.drop.hbm.steel_pickaxe":1,"stat.pickup.minecraft.iron_chestplate":3,"stat.useItem.hbm.steel_shovel":234,"stat.pickup.hbm.crystal_iron":14,"stat.pickup.ic2.misc_resource":1,"stat.killEntity.Husk":1,"stat.pickup.hbm.fusion_hatch":1,"stat.mineBlock.hbm.ore_fluorite":3,"stat.deaths":11,"stat.pickup.minecraft.egg":15,"stat.playOneMinute":188904,"stat.craftItem.minecraft.iron_pickaxe":1,"stat.useItem.hbm.crate_iron":7,"stat.pickup.hbm.lignite":27,"stat.pickup.hbm.red_wire_coated":64,"stat.pickup.minecraft.iron_bars":1,"stat.drop.minecraft.torch":8,"stat.mineBlock.minecraft.tallgrass":112,"stat.chestOpened":92,"stat.pickup.hbm.fluorite":6,"stat.pickup.hbm.gas_mask_filter":4,"stat.mineBlock.hbm.dirt_oily":1,"stat.pickup.hbm.crystal_copper":9,"stat.pickup.hbm.pole_top":3,"stat.useItem.minecraft.stone":2,"stat.pickup.hbm.ore_thorium":1,"stat.pickup.minecraft.arrow":10,"stat.pickup.minecraft.iron_sword":9,"stat.mineBlock.hbm.machine_difurnace_off":6,"stat.mineBlock.hbm.factory_titanium_furnace":9,"stat.drop.minecraft.iron_pickaxe":1,"stat.drop.hbm.schrabidium_shovel":1,"stat.fallOneCm":113910,"stat.drop.minecraft.stone":9,"stat.pickup.minecraft.carrot":39,"stat.crouchOneCm":39234,"stat.pickup.hbm.scrap":55,"stat.mineBlock.minecraft.chest":4,"stat.craftItem.minecraft.iron_ingot":51,"stat.pickup.hbm.yellow_barrel":67,"stat.craftItem.minecraft.chest":4,"stat.pickup.hbm.dirt_oily":1,"stat.craftingTableInteraction":31,"stat.mineBlock.hbm.fusion_hatch":1,"stat.mineBlock.hbm.cable_switch":1,"stat.mineBlock.ic2.resource":115,"stat.pickup.hbm.casing_50":20,"stat.pickup.minecraft.wooden_pickaxe":1,"stat.pickup.minecraft.feather":16,"stat.craftItem.minecraft.wooden_button":1,"stat.mineBlock.hbm.steel_scaffold":2,"stat.mineBlock.hbm.machine_electric_furnace_off":6,"stat.pickup.minecraft.dye":33,"stat.pickup.minecraft.planks":171,"stat.pickup.minecraft.iron_leggings":2,"stat.pickup.minecraft.wheat_seeds":64,"stat.mineBlock.minecraft.gravel":1,"stat.useItem.minecraft.stone_pickaxe":56,"stat.useItem.minecraft.stone_sword":6,"stat.craftItem.minecraft.iron_leggings":1,"stat.useItem.hbm.schrabidium_shovel":301,"stat.mineBlock.minecraft.dirt":447,"stat.pickup.minecraft.poisonous_potato":2,"stat.pickup.hbm.sulfur":4,"stat.mineBlock.hbm.reinforced_light":20,"stat.pickup.hbm.ingot_beryllium":3,"stat.useItem.minecraft.torch":55,"stat.useItem.minecraft.bread":10,"stat.pickup.minecraft.golden_apple":2,"stat.pickup.hbm.machine_battery":21,"stat.pickup.hbm.bottle_cherry":5,"stat.drop.minecraft.rotten_flesh":9,"stat.pickup.minecraft.crafting_table":7,"stat.useItem.minecraft.log":1,"stat.useItem.minecraft.cobblestone":63,"stat.useItem.hbm.steel_sword":74,"stat.craftItem.minecraft.crafting_table":4,"stat.mineBlock.minecraft.double_plant":12,"stat.pickup.hbm.battery_generic":4,"stat.pickup.minecraft.log":126,"stat.pickup.hbm.pole_satellite_receiver":5,"stat.pickup.minecraft.iron_pickaxe":6,"stat.pickup.minecraft.hopper":6,"stat.pickup.minecraft.chicken":17,"stat.pickup.hbm.ore_copper":16,"stat.pickup.minecraft.sapling":5,"stat.mineBlock.minecraft.iron_block":2,"stat.pickup.hbm.ore_uranium":7,"stat.pickup.hbm.steel_pickaxe":2,"stat.pickup.minecraft.beetroot":4,"stat.pickup.hbm.gun_lever_action":1,"stat.craftItem.minecraft.bucket":1,"stat.craftItem.minecraft.planks":100,"stat.useItem.minecraft.iron_sword":241,"stat.pickup.hbm.ingot_steel":218,"stat.pickup.hbm.ammo_rocket":4,"stat.pickup.minecraft.stone_sword":1,"stat.mineBlock.hbm.ore_lead":9,"stat.mineBlock.hbm.brick_concrete_cracked":1,"stat.pickup.minecraft.book":63,"stat.mineBlock.minecraft.log":122,"stat.pickup.hbm.cable_switch":1,"stat.drop.hbm.bomb_caller":1,"stat.pickup.minecraft.iron_door":5,"stat.craftItem.hbm.steel_axe":1,"stat.useItem.hbm.steel_axe":131,"stat.pickup.minecraft.red_flower":2,"stat.sneakTime":15060,"stat.pickup.minecraft.wool":41,"stat.pickup.ic2.sapling":1,"stat.useItem.minecraft.baked_potato":6,"stat.pickup.hbm.ore_titanium":6,"stat.pickup.minecraft.chest":4,"stat.pickup.ic2.ingot":10,"stat.pickup.minecraft.bone":16,"stat.mineBlock.minecraft.cobblestone":7,"stat.pickup.hbm.battery_advanced":8,"stat.pickup.hbm.circuit_targeting_tier1":2,"stat.craftItem.minecraft.wool":2,"stat.swimOneCm":10693,"stat.pickup.hbm.ingot_titanium":6,"stat.pickup.hbm.casing_9":30,"stat.climbOneCm":1849,"stat.pickup.minecraft.enchanted_book":1,"stat.mineBlock.hbm.factory_titanium_core":3,"stat.drop.minecraft.cobblestone":13,"stat.pickup.minecraft.cooked_porkchop":6,"stat.drop.hbm.yellow_barrel":64,"stat.useItem.minecraft.dirt":71,"stat.useItem.minecraft.stone_slab2":64,"stat.pickup.minecraft.iron_boots":2,"stat.craftItem.minecraft.furnace":2,"stat.useItem.minecraft.egg":7,"stat.craftItem.minecraft.spruce_boat":1,"stat.craftItem.minecraft.iron_boots":1,"stat.pickup.minecraft.anvil":9,"stat.craftItem.minecraft.stone_pickaxe":1,"stat.craftItem.minecraft.cooked_beef":49,"stat.pickup.minecraft.cobblestone":327,"stat.mineBlock.hbm.factory_titanium_hull":59,"stat.pickup.hbm.gun_revolver":4,"stat.pickup.hbm.brick_concrete":1,"stat.pickup.hbm.gun_revolver_ammo":10,"stat.useItem.minecraft.brick_block":3,"stat.flyOneCm":628888,"stat.pickup.minecraft.sandstone":2,"stat.mineBlock.hbm.ore_thorium":1,"stat.drop.minecraft.wheat_seeds":56,"stat.useItem.minecraft.cooked_beef":9,"stat.mineBlock.hbm.ore_sulfur":2,"stat.pickup.hbm.ore_tungsten":9,"stat.pickup.minecraft.redstone":43,"stat.mineBlock.minecraft.iron_ore":112,"stat.timeSinceDeath":52627,"stat.mineBlock.hbm.ore_titanium":6,"stat.craftItem.minecraft.acacia_door":3,"stat.pickup.hbm.steel_shovel":2,"stat.pickup.minecraft.mutton":52,"stat.pickup.hbm.primer_9":20,"stat.pickup.minecraft.stonebrick":4,"stat.drop.minecraft.dirt":3,"stat.mineBlock.hbm.red_cable":2,"stat.mineBlock.hbm.brick_concrete":2,"stat.mineBlock.minecraft.coal_ore":275,"stat.pickup.hbm.ingot_red_copper":6,"stat.talkedToVillager":5,"stat.pickup.minecraft.string":11,"stat.useItem.minecraft.milk_bucket":1,"stat.craftItem.minecraft.stone_slab2":0,"stat.sprintOneCm":329354,"stat.craftItem.minecraft.stick":76,"stat.pickup.ic2.resource":129,"stat.pickup.minecraft.grass":1,"stat.pickup.hbm.machine_electric_furnace_off":4,"stat.mineBlock.minecraft.crafting_table":5,"stat.useItem.minecraft.carrot":21,"stat.entityKilledBy.Creeper":1,"stat.pickup.hbm.cordite":26,"stat.mineBlock.minecraft.planks":41,"stat.drop":43,"stat.killEntity.Sheep":15,"stat.pickup.minecraft.iron_block":4,"stat.killEntity.Zombie":15,"stat.craftItem.minecraft.dye":2,"stat.mineBlock.minecraft.gold_ore":7,"stat.diveOneCm":26852,"stat.pickup.minecraft.wheat":15,"stat.mineBlock.hbm.steel_wall":1,"stat.pickup.minecraft.sign":3,"stat.drop.minecraft.wooden_pickaxe":1,"stat.pickup.minecraft.gravel":1,"stat.mineBlock.hbm.ore_rare":4,"stat.mineBlock.minecraft.anvil":5,"stat.useItem.minecraft.chicken":1,"stat.pickup.minecraft.stone_axe":6,"stat.pickup.hbm.factory_titanium_core":3,"stat.craftItem.travelersbackpack.backpack_tank":2,"stat.mineBlock.hbm.deco_red_copper":1,"stat.jump":3774,"stat.useItem.minecraft.sand":12,"stat.pickup.minecraft.coal":459,"stat.pickup.minecraft.iron_helmet":2,"stat.pickup.hbm.crystal_aluminium":18,"stat.pickup.minecraft.iron_ingot":54,"stat.useItem.minecraft.stone_axe":81,"stat.craftItem.minecraft.bread":5,"stat.craftItem.minecraft.torch":156,"stat.useItem.hbm.steel_scaffold":1,"stat.pickup.minecraft.dirt":431,"stat.mineBlock.hbm.ore_aluminium":8,"stat.pickup.minecraft.iron_ore":111,"stat.pickup.hbm.wire_red_copper":4,"stat.boatOneCm":28155,"stat.mineBlock.minecraft.iron_bars":1,"stat.pickup.minecraft.gold_ore":7,"stat.pickup.hbm.steel_sword":1,"stat.mineBlock.minecraft.lapis_ore":7,"stat.mineBlock.hbm.ore_lignite":37,"stat.pickup.hbm.reinforced_light":20,"stat.mineBlock.minecraft.glass_pane":2,"stat.mineBlock.hbm.red_wire_coated":14,"stat.damageTaken":33531,"stat.pickup.minecraft.leather":173,"stat.pickup.hbm.red_cable":2,"stat.mineBlock.minecraft.furnace":3,"stat.mineBlock.minecraft.torch":6,"stat.mineBlock.minecraft.red_flower":2,"stat.pickup.hbm.ore_lead":9,"stat.useItem.minecraft.wooden_pickaxe":13,"stat.useItem.minecraft.acacia_door":2,"stat.pickup.hbm.cap_nuka":48,"stat.pickup.minecraft.log2":30,"stat.pickup.ic2.rubber_wood":6,"stat.pickup.minecraft.reeds":35,"stat.pickup.minecraft.bed":5,"stat.pickup.minecraft.potato":37,"stat.entityKilledBy.Zombie":3,"stat.damageDealt":13181,"stat.craftItem.minecraft.glass":26,"stat.pickup.hbm.gun_kit_1":4,"stat.sleepInBed":7,"stat.craftItem.minecraft.baked_potato":37,"stat.pickup.hbm.factory_titanium_hull":59,"stat.killEntity.Cow":52,"stat.useItem.minecraft.crafting_table":3,"stat.craftItem.minecraft.iron_sword":1,"stat.walkOneCm":392982,"stat.useItem.minecraft.chest":4,"stat.pickup.minecraft.stick":29,"stat.pickup.hbm.fragment_meteorite":24,"stat.useItem.minecraft.spruce_boat":2,"stat.pickup.minecraft.tnt":9,"stat.mineBlock.hbm.deco_lead":6,"stat.pickup.minecraft.stone":38,"stat.pickup.hbm.ingot_euphemium":1,"stat.craftItem.minecraft.iron_chestplate":1,"stat.mineBlock.minecraft.wool":2,"stat.pickup.minecraft.ender_pearl":4,"stat.pickup.minecraft.cooked_beef":153,"stat.killEntity.Skeleton":6,"stat.craftItem.travelersbackpack.sleeping_bag_bottom":1,"stat.pickup.hbm.bottle_nuka":10,"stat.pickup.hbm.book_guide_book":5,"stat.mineBlock.minecraft.stonebrick":4,"stat.killEntity.Chicken":18,"stat.mobKills":110,"stat.mineBlock.hbm.deco_steel":41,"stat.mineBlock.minecraft.bookshelf":21,"stat.mineBlock.hbm.block_meteor_cobble":24,"stat.useItem.hbm.steel_pickaxe":936,"stat.mineBlock.minecraft.leaves":18,"stat.pickup.minecraft.torch":17,"stat.pickup.hbm.steel_scaffold":31,"stat.mineBlock.minecraft.redstone_ore":10,"stat.mineBlock.hbm.ore_copper":16,"stat.craftItem.hbm.steel_shovel":1,"stat.pickup.hbm.ingot_lead":6,"stat.pickup.minecraft.spruce_boat":6,"stat.pickup.hbm.anvil_steel":2,"stat.pickup.hbm.machine_difurnace_off":6,"stat.mineBlock.hbm.ore_tungsten":9,"stat.craftItem.hbm.steel_pickaxe":2,"stat.mineBlock.minecraft.stone":338}